<results version="2">
  <cppcheck version="2.1">
    <errors>
      <error id="nullPointer" severity="warning" msg="Endless recursion in function C::is_type">
        <location file="QuestionableCode.cpp" line="19"/>
        <verbose message="Endless recursion in function C::is_type"/>
      </error>
      <error id="uninitMemberVar" severity="style" msg="Member variable 'x' is not initialized in the constructor." verbose="Member variable 'x' is not initialized in the constructor of class 'A'."/>
      <error id="redundantAssignment" severity="style" msg="Redundant assignment 'z = 2'." verbose="This assignment to 'z' is redundant since 'z' is overwritten by the following 'assert'."/>
      <error id="nothrow" severity="error" msg="Throwing exception of type 'char const *' inside a function marked with 'noexcept'." verbose="The function 'DontThrow' throws an exception of type 'char const *' within a 'noexcept' function."/>
      <error id="inconclusive" severity="inconclusive" msg="The value of 'count' is out of bounds for variable 'buf'." verbose="The value of 'count' is out of bounds for the variable 'buf'."/>
      <error id="uninitVar" severity="style" msg="Variable 'c' is uninitialized when passed as an argument to function 'foo'." verbose="The variable 'c' is uninitialized when passed as an argument to function 'foo'."/>
      <error id="eraseVectorIter" severity="warning" msg="Iterating over 'items' while erasing it." verbose="Iterating over the container 'items' while erasing elements may lead to undefined behavior."/>
     <error id="assertAlwaysTrue" severity="portability" msg="The condition 'tok' is always true." verbose="The condition 'tok' is always true. The loop will run indefinitely."/>
    </errors>
  </cppcheck>
</results>
